image,label
downdog/img1.jpg,downdog
downdog/img10.jpg,downdog
downdog/img100.jpg,downdog
downdog/img101.jpg,downdog
downdog/img102.png,downdog
downdog/img103.jpg,downdog
downdog/img104.jpg,downdog
downdog/img105.jpg,downdog
downdog/img106.jpg,downdog
downdog/img107.jpg,downdog
downdog/img108.jpg,downdog
downdog/img109.jpg,downdog
downdog/img11.png,downdog
downdog/img110.jpg,downdog
downdog/img111.jpg,downdog
downdog/img112.jpg,downdog
downdog/img113.jpg,downdog
downdog/img114.jpg,downdog
downdog/img115.jpg,downdog
downdog/img116.jpg,downdog
downdog/img117.jpg,downdog
downdog/img118.jpg,downdog
downdog/img119.jpg,downdog
downdog/img12.jpg,downdog
downdog/img120.jpg,downdog
downdog/img121.jpg,downdog
downdog/img122.jpg,downdog
downdog/img123.jpg,downdog
downdog/img124.jpg,downdog
downdog/img125.jpg,downdog
downdog/img126.jpg,downdog
downdog/img127.jpg,downdog
downdog/img128.jpg,downdog
downdog/img129.jpg,downdog
downdog/img13.jpg,downdog
downdog/img130.jpg,downdog
downdog/img131.jpg,downdog
downdog/img132.jpg,downdog
downdog/img133.jpg,downdog
downdog/img134.jpg,downdog
downdog/img135.jpg,downdog
downdog/img136.jpg,downdog
downdog/img137.jpg,downdog
downdog/img138.jpg,downdog
downdog/img139.jpg,downdog
downdog/img14.jpg,downdog
downdog/img140.jpg,downdog
downdog/img141.jpg,downdog
downdog/img142.bmp,downdog
downdog/img143.jpg,downdog
downdog/img144.jpg,downdog
downdog/img145.png,downdog
downdog/img146.jpg,downdog
downdog/img147.png,downdog
downdog/img148.jpg,downdog
downdog/img149.jpg,downdog
downdog/img15.jpg,downdog
downdog/img150.jpg,downdog
downdog/img151.png,downdog
downdog/img152.jpg,downdog
downdog/img153.jpg,downdog
downdog/img154.jpg,downdog
downdog/img155.png,downdog
downdog/img156.jpg,downdog
downdog/img157.jpg,downdog
downdog/img158.jpg,downdog
downdog/img159.jpg,downdog
downdog/img16.jpg,downdog
downdog/img160.jpg,downdog
downdog/img161.png,downdog
downdog/img162.jpg,downdog
downdog/img163.jpg,downdog
downdog/img164.jpg,downdog
downdog/img165.jpg,downdog
downdog/img166.jpg,downdog
downdog/img167.jpg,downdog
downdog/img168.jpg,downdog
downdog/img169.jpg,downdog
downdog/img17.png,downdog
downdog/img170.jpg,downdog
downdog/img171.jpg,downdog
downdog/img172.jpg,downdog
downdog/img173.jpg,downdog
downdog/img174.jpg,downdog
downdog/img175.JPG,downdog
downdog/img176.jpg,downdog
downdog/img177.png,downdog
downdog/img178.jpg,downdog
downdog/img179.jpg,downdog
downdog/img18.jpg,downdog
downdog/img180.jpg,downdog
downdog/img181.jpg,downdog
downdog/img182.jpg,downdog
downdog/img183.jpg,downdog
downdog/img184.JPG,downdog
downdog/img185.jpg,downdog
downdog/img186.jpg,downdog
downdog/img187.jpg,downdog
downdog/img188.jpg,downdog
downdog/img189.jpg,downdog
downdog/img19.jpg,downdog
downdog/img190.png,downdog
downdog/img191.jpg,downdog
downdog/img192.jpg,downdog
downdog/img193.png,downdog
downdog/img194.jpg,downdog
downdog/img195.jpg,downdog
downdog/img196.jpg,downdog
downdog/img197.jpg,downdog
downdog/img198.jpg,downdog
downdog/img199.jpg,downdog
downdog/img2.JPG,downdog
downdog/img20.jpg,downdog
downdog/img200.jpg,downdog
downdog/img201.jpg,downdog
downdog/img202.jpg,downdog
downdog/img203.jpg,downdog
downdog/img204.jpg,downdog
downdog/img205.jpg,downdog
downdog/img206.jpg,downdog
downdog/img207.jpg,downdog
downdog/img208.jpg,downdog
downdog/img209.jpg,downdog
downdog/img21.jpg,downdog
downdog/img210.jpg,downdog
downdog/img211.jpg,downdog
downdog/img212.jpg,downdog
downdog/img213.jpg,downdog
downdog/img214.jpg,downdog
downdog/img215.jpg,downdog
downdog/img216.jpg,downdog
downdog/img217.jpg,downdog
downdog/img218.jpg,downdog
downdog/img219.png,downdog
downdog/img22.jpg,downdog
downdog/img220.jpg,downdog
downdog/img221.jpg,downdog
downdog/img222.png,downdog
downdog/img223.jpg,downdog
downdog/img224.jpg,downdog
downdog/img225.jpg,downdog
downdog/img226.jpg,downdog
downdog/img227.jpg,downdog
downdog/img228.jpg,downdog
downdog/img229.jpg,downdog
downdog/img23.jpg,downdog
downdog/img230.jpg,downdog
downdog/img231.jpg,downdog
downdog/img232.jpg,downdog
downdog/img233.jpg,downdog
downdog/img234.jpg,downdog
downdog/img235.png,downdog
downdog/img236.jpg,downdog
downdog/img237.jpg,downdog
downdog/img238.jpg,downdog
downdog/img239.png,downdog
downdog/img24.jpg,downdog
downdog/img240.jpg,downdog
downdog/img241.jpg,downdog
downdog/img242.jpg,downdog
downdog/img243.jpg,downdog
downdog/img244.jpg,downdog
downdog/img245.jpg,downdog
downdog/img246.jpg,downdog
downdog/img247.jpg,downdog
downdog/img248.jpg,downdog
downdog/img249.jpg,downdog
downdog/img25.jpg,downdog
downdog/img250.jpg,downdog
downdog/img251.jpg,downdog
downdog/img252.jpg,downdog
downdog/img253.jpg,downdog
downdog/img254.jpg,downdog
downdog/img255.jpg,downdog
downdog/img256.jpg,downdog
downdog/img257.jpg,downdog
downdog/img258.jpg,downdog
downdog/img259.jpg,downdog
downdog/img26.jpg,downdog
downdog/img260.jpg,downdog
downdog/img261.jpg,downdog
downdog/img262.jpg,downdog
downdog/img263.jpg,downdog
downdog/img264.jpg,downdog
downdog/img265.jpg,downdog
downdog/img266.jpg,downdog
downdog/img267.png,downdog
downdog/img268.jpg,downdog
downdog/img269.jpg,downdog
downdog/img27.jpg,downdog
downdog/img270.jpg,downdog
downdog/img271.png,downdog
downdog/img272.jpg,downdog
downdog/img273.png,downdog
downdog/img274.png,downdog
downdog/img275.jpg,downdog
downdog/img276.jpg,downdog
downdog/img277.jpg,downdog
downdog/img278.jpg,downdog
downdog/img279.jpg,downdog
downdog/img28.jpg,downdog
downdog/img280.jpg,downdog
downdog/img281.jpg,downdog
downdog/img282.jpg,downdog
downdog/img283.jpg,downdog
downdog/img284.jpg,downdog
downdog/img285.png,downdog
downdog/img286.png,downdog
downdog/img287.png,downdog
downdog/img288.jpg,downdog
downdog/img289.jpg,downdog
downdog/img29.jpg,downdog
downdog/img290.jpg,downdog
downdog/img291.jpg,downdog
downdog/img292.jpg,downdog
downdog/img293.jpg,downdog
downdog/img294.png,downdog
downdog/img295.jpg,downdog
downdog/img296.jpg,downdog
downdog/img297.png,downdog
downdog/img298.jpg,downdog
downdog/img299.png,downdog
downdog/img3.jpg,downdog
downdog/img30.jpg,downdog
downdog/img300.jpg,downdog
downdog/img301.jpg,downdog
downdog/img302.jpg,downdog
downdog/img303.jpg,downdog
downdog/img304.jpg,downdog
downdog/img305.jpg,downdog
downdog/img306.jpg,downdog
downdog/img307.jpg,downdog
downdog/img308.jpg,downdog
downdog/img309.jpg,downdog
downdog/img31.jpg,downdog
downdog/img310.jpg,downdog
downdog/img311.jpg,downdog
downdog/img312.jpg,downdog
downdog/img313.jpg,downdog
downdog/img314.jpg,downdog
downdog/img315.jpg,downdog
downdog/img316.jpg,downdog
downdog/img317.jpg,downdog
downdog/img318.jpg,downdog
downdog/img319.jpg,downdog
downdog/img32.jpg,downdog
downdog/img320.jpg,downdog
downdog/img33.jpg,downdog
downdog/img34.jpg,downdog
downdog/img35.jpg,downdog
downdog/img36.jpg,downdog
downdog/img37.jpg,downdog
downdog/img38.png,downdog
downdog/img39.jpg,downdog
downdog/img4.jpg,downdog
downdog/img40.jpg,downdog
downdog/img41.jpg,downdog
downdog/img42.jpg,downdog
downdog/img43.jpg,downdog
downdog/img44.jpg,downdog
downdog/img45.jpg,downdog
downdog/img46.jpg,downdog
downdog/img47.jpg,downdog
downdog/img48.jpg,downdog
downdog/img49.jpg,downdog
downdog/img5.jpg,downdog
downdog/img50.jpg,downdog
downdog/img51.jpg,downdog
downdog/img52.JPG,downdog
downdog/img53.jpg,downdog
downdog/img54.jpg,downdog
downdog/img55.jpg,downdog
downdog/img56.jpg,downdog
downdog/img57.jpg,downdog
downdog/img58.jpg,downdog
downdog/img59.jpg,downdog
downdog/img6.jpg,downdog
downdog/img60.jpg,downdog
downdog/img61.jpg,downdog
downdog/img62.jpg,downdog
downdog/img63.png,downdog
downdog/img64.jpg,downdog
downdog/img65.jpg,downdog
downdog/img66.jpg,downdog
downdog/img67.jpg,downdog
downdog/img68.jpg,downdog
downdog/img69.JPG,downdog
downdog/img7.jpg,downdog
downdog/img70.jpg,downdog
downdog/img71.jpg,downdog
downdog/img72.jpg,downdog
downdog/img73.jpg,downdog
downdog/img74.jpg,downdog
downdog/img75.jpg,downdog
downdog/img76.jpg,downdog
downdog/img77.jpg,downdog
downdog/img78.jpg,downdog
downdog/img79.jpg,downdog
downdog/img8.jpg,downdog
downdog/img80.png,downdog
downdog/img81.jpg,downdog
downdog/img82.jpg,downdog
downdog/img83.jpg,downdog
downdog/img84.jpg,downdog
downdog/img85.jpg,downdog
downdog/img86.jpg,downdog
downdog/img87.jpg,downdog
downdog/img88.jpg,downdog
downdog/img89.jpg,downdog
downdog/img9.jpg,downdog
downdog/img90.jpg,downdog
downdog/img91.jpg,downdog
downdog/img92.jpg,downdog
downdog/img93.jpg,downdog
downdog/img94.jpg,downdog
downdog/img95.jpg,downdog
downdog/img96.jpg,downdog
downdog/img97.png,downdog
downdog/img98.jpg,downdog
downdog/img99.jpg,downdog
goddess/img1.jpg,goddess
goddess/img10.jpg,goddess
goddess/img100.jpg,goddess
goddess/img101.jpg,goddess
goddess/img102.png,goddess
goddess/img103.jpg,goddess
goddess/img104.jpg,goddess
goddess/img105.JPG,goddess
goddess/img106.png,goddess
goddess/img107.jpg,goddess
goddess/img108.jpg,goddess
goddess/img109.jpg,goddess
goddess/img11.jpg,goddess
goddess/img110.jpg,goddess
goddess/img111.jpg,goddess
goddess/img112.jpeg,goddess
goddess/img113.jpg,goddess
goddess/img114.jpg,goddess
goddess/img115.jpg,goddess
goddess/img116.jpg,goddess
goddess/img117.jpg,goddess
goddess/img118.jpg,goddess
goddess/img119.jpg,goddess
goddess/img12.jpg,goddess
goddess/img120.jpg,goddess
goddess/img121.jpg,goddess
goddess/img122.jpg,goddess
goddess/img123.jpg,goddess
goddess/img124.png,goddess
goddess/img125.jpg,goddess
goddess/img126.jpg,goddess
goddess/img127.jpg,goddess
goddess/img128.jpg,goddess
goddess/img129.jpg,goddess
goddess/img13.jpg,goddess
goddess/img130.jpg,goddess
goddess/img131.jpg,goddess
goddess/img132.jpg,goddess
goddess/img133.jpg,goddess
goddess/img134.jpg,goddess
goddess/img135.jpg,goddess
goddess/img136.jpg,goddess
goddess/img137.jpg,goddess
goddess/img138.jpg,goddess
goddess/img139.jpg,goddess
goddess/img14.jpg,goddess
goddess/img140.jpg,goddess
goddess/img141.jpg,goddess
goddess/img142.jpg,goddess
goddess/img143.jpg,goddess
goddess/img144.png,goddess
goddess/img145.jpg,goddess
goddess/img146.jpg,goddess
goddess/img147.jpg,goddess
goddess/img148.jpg,goddess
goddess/img149.jpg,goddess
goddess/img15.jpg,goddess
goddess/img150.jpg,goddess
goddess/img151.jpg,goddess
goddess/img152.jpg,goddess
goddess/img153.jpg,goddess
goddess/img154.jpg,goddess
goddess/img155.jpg,goddess
goddess/img156.jpg,goddess
goddess/img157.jpg,goddess
goddess/img158.jpg,goddess
goddess/img159.jpg,goddess
goddess/img16.jpg,goddess
goddess/img160.jpg,goddess
goddess/img161.jpg,goddess
goddess/img162.jpg,goddess
goddess/img163.jpg,goddess
goddess/img164.jpg,goddess
goddess/img165.jpg,goddess
goddess/img166.jpg,goddess
goddess/img167.jpg,goddess
goddess/img168.jpg,goddess
goddess/img169.jpg,goddess
goddess/img17.jpg,goddess
goddess/img170.jpg,goddess
goddess/img171.jpg,goddess
goddess/img172.jpg,goddess
goddess/img173.jpg,goddess
goddess/img174.jpg,goddess
goddess/img175.jpg,goddess
goddess/img176.jpg,goddess
goddess/img177.jpg,goddess
goddess/img178.jpg,goddess
goddess/img179.jpg,goddess
goddess/img18.jpg,goddess
goddess/img180.jpg,goddess
goddess/img181.png,goddess
goddess/img182.jpg,goddess
goddess/img183.jpg,goddess
goddess/img184.jpg,goddess
goddess/img185.jpg,goddess
goddess/img186.jpg,goddess
goddess/img187.jpg,goddess
goddess/img188.jpg,goddess
goddess/img189.jpg,goddess
goddess/img19.jpg,goddess
goddess/img190.png,goddess
goddess/img191.jpg,goddess
goddess/img192.jpg,goddess
goddess/img193.jpg,goddess
goddess/img194.png,goddess
goddess/img195.jpg,goddess
goddess/img196.jpg,goddess
goddess/img197.png,goddess
goddess/img198.jpg,goddess
goddess/img199.jpg,goddess
goddess/img2.jpg,goddess
goddess/img20.png,goddess
goddess/img200.png,goddess
goddess/img201.jpg,goddess
goddess/img202.jpg,goddess
goddess/img203.jpg,goddess
goddess/img204.jpg,goddess
goddess/img205.jpg,goddess
goddess/img206.jpg,goddess
goddess/img207.JPG,goddess
goddess/img208.jpg,goddess
goddess/img209.jpg,goddess
goddess/img21.png,goddess
goddess/img210.jpg,goddess
goddess/img211.jpg,goddess
goddess/img212.jpg,goddess
goddess/img213.jpg,goddess
goddess/img214.jpg,goddess
goddess/img215.jpg,goddess
goddess/img216.jpg,goddess
goddess/img217.jpg,goddess
goddess/img218.jpg,goddess
goddess/img219.jpg,goddess
goddess/img22.jpg,goddess
goddess/img220.jpg,goddess
goddess/img221.jpg,goddess
goddess/img222.jpg,goddess
goddess/img223.jpg,goddess
goddess/img224.jpg,goddess
goddess/img225.jpg,goddess
goddess/img226.jpg,goddess
goddess/img227.jpg,goddess
goddess/img228.jpg,goddess
goddess/img229.jpg,goddess
goddess/img23.jpg,goddess
goddess/img230.jpg,goddess
goddess/img231.jpg,goddess
goddess/img232.jpg,goddess
goddess/img233.jpg,goddess
goddess/img234.jpg,goddess
goddess/img235.jpg,goddess
goddess/img236.jpg,goddess
goddess/img237.jpg,goddess
goddess/img238.jpg,goddess
goddess/img239.jpg,goddess
goddess/img24.jpg,goddess
goddess/img240.jpg,goddess
goddess/img241.jpg,goddess
goddess/img242.jpg,goddess
goddess/img243.jpg,goddess
goddess/img244.jpg,goddess
goddess/img245.jpg,goddess
goddess/img246.jpg,goddess
goddess/img247.jpg,goddess
goddess/img248.jpg,goddess
goddess/img249.jpg,goddess
goddess/img25.jpg,goddess
goddess/img250.jpg,goddess
goddess/img251.JPG,goddess
goddess/img252.jpg,goddess
goddess/img253.jpg,goddess
goddess/img254.jpg,goddess
goddess/img255.jpg,goddess
goddess/img256.jpg,goddess
goddess/img257.jpg,goddess
goddess/img258.jpg,goddess
goddess/img259.jpg,goddess
goddess/img26.jpg,goddess
goddess/img260.jpg,goddess
goddess/img27.jpg,goddess
goddess/img28.jpg,goddess
goddess/img29.jpg,goddess
goddess/img3.jpeg,goddess
goddess/img30.jpg,goddess
goddess/img31.jpeg,goddess
goddess/img32.jpg,goddess
goddess/img33.jpg,goddess
goddess/img34.png,goddess
goddess/img35.jpg,goddess
goddess/img36.jpg,goddess
goddess/img37.jpg,goddess
goddess/img38.jpg,goddess
goddess/img39.jpg,goddess
goddess/img4.jpg,goddess
goddess/img40.jpg,goddess
goddess/img41.png,goddess
goddess/img42.jpg,goddess
goddess/img43.jpg,goddess
goddess/img44.jpg,goddess
goddess/img45.png,goddess
goddess/img46.jpg,goddess
goddess/img47.jpg,goddess
goddess/img48.jpg,goddess
goddess/img49.jpg,goddess
goddess/img5.jpg,goddess
goddess/img50.jpg,goddess
goddess/img51.jpg,goddess
goddess/img52.jpg,goddess
goddess/img53.jpg,goddess
goddess/img54.jpg,goddess
goddess/img55.jpg,goddess
goddess/img56.jpg,goddess
goddess/img57.jpg,goddess
goddess/img58.jpg,goddess
goddess/img59.jpg,goddess
goddess/img6.jpg,goddess
goddess/img60.jpg,goddess
goddess/img61.jpg,goddess
goddess/img62.jpg,goddess
goddess/img63.jpg,goddess
goddess/img64.jpg,goddess
goddess/img65.jpg,goddess
goddess/img66.jpg,goddess
goddess/img67.jpg,goddess
goddess/img68.jpg,goddess
goddess/img69.jpg,goddess
goddess/img7.png,goddess
goddess/img70.jpg,goddess
goddess/img71.jpg,goddess
goddess/img72.jpg,goddess
goddess/img73.jpg,goddess
goddess/img74.jpg,goddess
goddess/img75.jpg,goddess
goddess/img76.jpg,goddess
goddess/img77.jpg,goddess
goddess/img78.png,goddess
goddess/img79.jpg,goddess
goddess/img8.jpg,goddess
goddess/img80.jpeg,goddess
goddess/img81.jpg,goddess
goddess/img82.jpg,goddess
goddess/img83.jpg,goddess
goddess/img84.jpg,goddess
goddess/img85.jpg,goddess
goddess/img86.png,goddess
goddess/img87.jpeg,goddess
goddess/img88.jpg,goddess
goddess/img89.jpg,goddess
goddess/img9.jpg,goddess
goddess/img90.jpg,goddess
goddess/img91.jpg,goddess
goddess/img92.jpg,goddess
goddess/img93.jpg,goddess
goddess/img94.jpg,goddess
goddess/img95.jpg,goddess
goddess/img96.jpg,goddess
goddess/img97.jpg,goddess
goddess/img98.jpg,goddess
goddess/img99.jpg,goddess
plank/img1.jpg,plank
plank/img10.jpg,plank
plank/img100.jpg,plank
plank/img101.jpg,plank
plank/img102.png,plank
plank/img103.jpg,plank
plank/img104.png,plank
plank/img105.jpg,plank
plank/img106.jpg,plank
plank/img107.jpg,plank
plank/img108.png,plank
plank/img109.jpg,plank
plank/img11.jpg,plank
plank/img110.jpg,plank
plank/img111.jpg,plank
plank/img112.jpg,plank
plank/img113.jpg,plank
plank/img114.jpg,plank
plank/img115.jpg,plank
plank/img116.jpg,plank
plank/img117.jpg,plank
plank/img118.jpg,plank
plank/img119.jpg,plank
plank/img12.jpg,plank
plank/img120.jpg,plank
plank/img121.jpg,plank
plank/img122.jpg,plank
plank/img123.jpg,plank
plank/img124.png,plank
plank/img125.jpg,plank
plank/img126.jpg,plank
plank/img127.jpg,plank
plank/img128.jpg,plank
plank/img129.png,plank
plank/img13.jpg,plank
plank/img130.jpg,plank
plank/img131.jpg,plank
plank/img132.jpg,plank
plank/img133.jpg,plank
plank/img134.jpg,plank
plank/img135.jpg,plank
plank/img136.jpg,plank
plank/img137.jpg,plank
plank/img138.jpg,plank
plank/img139.png,plank
plank/img14.jpg,plank
plank/img140.jpg,plank
plank/img141.jpg,plank
plank/img142.jpg,plank
plank/img143.jpg,plank
plank/img144.jpg,plank
plank/img145.jpg,plank
plank/img146.jpg,plank
plank/img147.jpg,plank
plank/img148.png,plank
plank/img149.jpg,plank
plank/img15.jpg,plank
plank/img150.jpg,plank
plank/img151.jpg,plank
plank/img152.jpg,plank
plank/img153.jpg,plank
plank/img154.jpg,plank
plank/img155.png,plank
plank/img156.jpg,plank
plank/img157.jpg,plank
plank/img158.jpg,plank
plank/img159.jpg,plank
plank/img16.jpg,plank
plank/img160.jpg,plank
plank/img161.jpg,plank
plank/img162.jpg,plank
plank/img163.png,plank
plank/img164.jpg,plank
plank/img165.jpg,plank
plank/img166.jpg,plank
plank/img167.jpg,plank
plank/img168.jpg,plank
plank/img169.png,plank
plank/img17.jpg,plank
plank/img170.jpg,plank
plank/img171.jpg,plank
plank/img172.jpg,plank
plank/img173.jpg,plank
plank/img174.JPG,plank
plank/img175.png,plank
plank/img176.jpg,plank
plank/img177.jpg,plank
plank/img178.jpg,plank
plank/img179.png,plank
plank/img18.jpg,plank
plank/img180.jpg,plank
plank/img181.jpg,plank
plank/img182.jpg,plank
plank/img183.jpg,plank
plank/img184.jpeg,plank
plank/img185.jpg,plank
plank/img186.jpg,plank
plank/img187.jpg,plank
plank/img188.jpg,plank
plank/img189.jpg,plank
plank/img19.jpg,plank
plank/img190.jpg,plank
plank/img191.jpg,plank
plank/img192.jpg,plank
plank/img193.jpg,plank
plank/img194.jpg,plank
plank/img195.jpg,plank
plank/img196.jpg,plank
plank/img197.jpg,plank
plank/img198.jpg,plank
plank/img199.jpg,plank
plank/img2.jpg,plank
plank/img20.jpg,plank
plank/img200.jpg,plank
plank/img201.jpg,plank
plank/img202.jpg,plank
plank/img203.jpg,plank
plank/img204.jpg,plank
plank/img205.jpg,plank
plank/img206.jpg,plank
plank/img207.jpg,plank
plank/img208.jpg,plank
plank/img209.jpg,plank
plank/img21.jpg,plank
plank/img210.png,plank
plank/img211.jpg,plank
plank/img212.png,plank
plank/img213.jpg,plank
plank/img214.jpg,plank
plank/img215.jpg,plank
plank/img216.jpg,plank
plank/img217.png,plank
plank/img218.jpg,plank
plank/img219.jpg,plank
plank/img22.jpg,plank
plank/img220.jpg,plank
plank/img221.jpg,plank
plank/img222.jpg,plank
plank/img223.jpg,plank
plank/img224.jpg,plank
plank/img225.jpg,plank
plank/img226.jpg,plank
plank/img227.jpg,plank
plank/img228.jpg,plank
plank/img229.jpg,plank
plank/img23.jpg,plank
plank/img230.jpg,plank
plank/img231.jpg,plank
plank/img232.jpg,plank
plank/img233.jpg,plank
plank/img234.png,plank
plank/img235.jpg,plank
plank/img236.jpg,plank
plank/img237.jpg,plank
plank/img238.png,plank
plank/img239.jpg,plank
plank/img24.jpg,plank
plank/img240.jpg,plank
plank/img241.jpg,plank
plank/img242.jpg,plank
plank/img243.jpg,plank
plank/img244.jpg,plank
plank/img245.jpg,plank
plank/img246.jpg,plank
plank/img247.jpg,plank
plank/img248.jpg,plank
plank/img249.jpg,plank
plank/img25.JPG,plank
plank/img250.jpg,plank
plank/img251.jpg,plank
plank/img252.jpg,plank
plank/img253.jpg,plank
plank/img254.jpg,plank
plank/img255.jpg,plank
plank/img256.jpg,plank
plank/img257.jpg,plank
plank/img258.png,plank
plank/img259.jpg,plank
plank/img26.jpg,plank
plank/img260.jpg,plank
plank/img261.jpg,plank
plank/img262.png,plank
plank/img263.jpg,plank
plank/img264.jpg,plank
plank/img265.jpg,plank
plank/img266.jpg,plank
plank/img267.jpg,plank
plank/img268.jpg,plank
plank/img269.jpg,plank
plank/img27.jpg,plank
plank/img270.jpg,plank
plank/img271.jpg,plank
plank/img272.jpg,plank
plank/img273.jpg,plank
plank/img274.jpg,plank
plank/img275.png,plank
plank/img276.jpg,plank
plank/img277.jpg,plank
plank/img278.jpg,plank
plank/img279.jpg,plank
plank/img28.jpg,plank
plank/img280.jpg,plank
plank/img281.jpg,plank
plank/img282.jpg,plank
plank/img283.jpg,plank
plank/img284.jpg,plank
plank/img285.jpg,plank
plank/img286.jpg,plank
plank/img287.jpg,plank
plank/img288.jpg,plank
plank/img289.jpg,plank
plank/img29.jpg,plank
plank/img290.png,plank
plank/img291.jpg,plank
plank/img292.jpg,plank
plank/img293.jpg,plank
plank/img294.jpg,plank
plank/img295.jpg,plank
plank/img296.jpg,plank
plank/img297.jpg,plank
plank/img298.png,plank
plank/img299.jpg,plank
plank/img3.jpg,plank
plank/img30.jpg,plank
plank/img300.jpg,plank
plank/img301.jpg,plank
plank/img302.jpg,plank
plank/img303.jpg,plank
plank/img304.jpg,plank
plank/img305.jpg,plank
plank/img306.jpg,plank
plank/img307.jpg,plank
plank/img308.jpg,plank
plank/img309.jpg,plank
plank/img31.jpg,plank
plank/img310.jpg,plank
plank/img311.jpg,plank
plank/img312.jpg,plank
plank/img313.jpg,plank
plank/img314.jpg,plank
plank/img315.jpg,plank
plank/img316.jpg,plank
plank/img317.jpg,plank
plank/img318.jpg,plank
plank/img319.jpg,plank
plank/img32.jpg,plank
plank/img320.jpg,plank
plank/img321.JPG,plank
plank/img322.jpg,plank
plank/img323.jpg,plank
plank/img324.jpg,plank
plank/img325.jpg,plank
plank/img326.jpg,plank
plank/img327.jpg,plank
plank/img328.jpg,plank
plank/img329.jpg,plank
plank/img33.jpg,plank
plank/img330.jpg,plank
plank/img331.jpg,plank
plank/img332.jpg,plank
plank/img333.jpg,plank
plank/img334.JPG,plank
plank/img335.jpg,plank
plank/img336.jpg,plank
plank/img337.jpg,plank
plank/img338.jpg,plank
plank/img339.jpg,plank
plank/img34.jpg,plank
plank/img340.jpg,plank
plank/img341.jpg,plank
plank/img342.jpg,plank
plank/img343.jpg,plank
plank/img344.jpg,plank
plank/img345.jpg,plank
plank/img346.jpeg,plank
plank/img347.png,plank
plank/img348.jpg,plank
plank/img349.jpg,plank
plank/img35.jpg,plank
plank/img350.jpg,plank
plank/img351.png,plank
plank/img352.jpg,plank
plank/img353.jpg,plank
plank/img354.jpg,plank
plank/img355.jpg,plank
plank/img356.jpg,plank
plank/img357.jpg,plank
plank/img358.jpg,plank
plank/img359.jpg,plank
plank/img36.jpg,plank
plank/img360.jpg,plank
plank/img361.jpg,plank
plank/img362.jpg,plank
plank/img363.jpg,plank
plank/img364.jpg,plank
plank/img365.jpg,plank
plank/img366.jpg,plank
plank/img367.jpg,plank
plank/img368.jpg,plank
plank/img369.jpg,plank
plank/img37.jpg,plank
plank/img370.jpg,plank
plank/img371.jpg,plank
plank/img372.jpg,plank
plank/img373.jpg,plank
plank/img374.jpg,plank
plank/img375.jpg,plank
plank/img376.jpg,plank
plank/img377.jpg,plank
plank/img378.jpg,plank
plank/img379.JPG,plank
plank/img38.jpg,plank
plank/img380.jpg,plank
plank/img381.jpg,plank
plank/img39.jpg,plank
plank/img4.JPG,plank
plank/img40.jpg,plank
plank/img41.jpg,plank
plank/img42.jpg,plank
plank/img43.jpg,plank
plank/img44.png,plank
plank/img45.jpg,plank
plank/img46.jpg,plank
plank/img47.png,plank
plank/img48.jpg,plank
plank/img49.jpg,plank
plank/img5.jpg,plank
plank/img50.png,plank
plank/img51.jpg,plank
plank/img52.jpg,plank
plank/img53.jpg,plank
plank/img54.jpg,plank
plank/img55.jpg,plank
plank/img56.jpg,plank
plank/img57.JPG,plank
plank/img58.jpg,plank
plank/img59.jpg,plank
plank/img6.JPG,plank
plank/img60.jpg,plank
plank/img61.jpg,plank
plank/img62.jpg,plank
plank/img63.jpg,plank
plank/img64.jpg,plank
plank/img65.png,plank
plank/img66.jpg,plank
plank/img67.jpg,plank
plank/img68.jpg,plank
plank/img69.png,plank
plank/img7.jpg,plank
plank/img70.jpg,plank
plank/img71.jpg,plank
plank/img72.jpeg,plank
plank/img73.jpg,plank
plank/img74.jpg,plank
plank/img75.jpg,plank
plank/img76.jpg,plank
plank/img77.jpg,plank
plank/img78.png,plank
plank/img79.jpg,plank
plank/img8.jpg,plank
plank/img80.png,plank
plank/img81.jpg,plank
plank/img82.jpg,plank
plank/img83.jpg,plank
plank/img84.jpg,plank
plank/img85.jpg,plank
plank/img86.jpg,plank
plank/img87.jpg,plank
plank/img88.jpg,plank
plank/img89.jpg,plank
plank/img9.jpg,plank
plank/img90.jpg,plank
plank/img91.jpg,plank
plank/img92.jpg,plank
plank/img93.png,plank
plank/img94.jpg,plank
plank/img95.jpg,plank
plank/img96.jpg,plank
plank/img97.jpg,plank
plank/img98.jpg,plank
plank/img99.jpg,plank
tree/img1.jpg,tree
tree/img10.JPG,tree
tree/img100.jpg,tree
tree/img101.jpg,tree
tree/img102.jpg,tree
tree/img103.jpg,tree
tree/img104.jpg,tree
tree/img105.jpg,tree
tree/img106.jpg,tree
tree/img107.jpg,tree
tree/img108.jpg,tree
tree/img109.jpg,tree
tree/img11.jpg,tree
tree/img110.jpg,tree
tree/img111.jpg,tree
tree/img112.jpg,tree
tree/img113.jpg,tree
tree/img114.jpg,tree
tree/img115.jpg,tree
tree/img116.jpg,tree
tree/img117.jpg,tree
tree/img118.jpg,tree
tree/img119.jpg,tree
tree/img12.jpg,tree
tree/img120.jpg,tree
tree/img121.jpg,tree
tree/img122.jpg,tree
tree/img123.jpg,tree
tree/img124.jpg,tree
tree/img125.jpg,tree
tree/img126.jpg,tree
tree/img127.jpg,tree
tree/img128.jpg,tree
tree/img129.jpg,tree
tree/img13.jpg,tree
tree/img130.jpg,tree
tree/img131.png,tree
tree/img132.jpg,tree
tree/img133.jpg,tree
tree/img134.jpg,tree
tree/img135.jpg,tree
tree/img136.jpg,tree
tree/img137.jpg,tree
tree/img138.jpg,tree
tree/img139.jpg,tree
tree/img14.jpg,tree
tree/img140.png,tree
tree/img141.jpg,tree
tree/img142.jpg,tree
tree/img143.jpg,tree
tree/img144.jpg,tree
tree/img145.png,tree
tree/img146.jpg,tree
tree/img147.jpg,tree
tree/img148.jpg,tree
tree/img149.jpg,tree
tree/img15.jpg,tree
tree/img150.jpg,tree
tree/img151.jpg,tree
tree/img152.jpg,tree
tree/img153.jpg,tree
tree/img154.png,tree
tree/img155.jpg,tree
tree/img156.jpg,tree
tree/img157.png,tree
tree/img158.jpg,tree
tree/img159.jpg,tree
tree/img16.jpg,tree
tree/img160.jpg,tree
tree/img161.jpg,tree
tree/img162.jpg,tree
tree/img163.jpg,tree
tree/img164.jpg,tree
tree/img165.jpg,tree
tree/img166.jpg,tree
tree/img167.jpg,tree
tree/img168.jpg,tree
tree/img169.jpg,tree
tree/img17.jpg,tree
tree/img170.jpg,tree
tree/img171.jpg,tree
tree/img172.jpg,tree
tree/img173.jpg,tree
tree/img174.jpg,tree
tree/img175.jpg,tree
tree/img176.jpg,tree
tree/img177.png,tree
tree/img178.JPG,tree
tree/img179.jpg,tree
tree/img18.jpg,tree
tree/img180.jpg,tree
tree/img181.jpg,tree
tree/img182.jpg,tree
tree/img183.jpg,tree
tree/img184.jpg,tree
tree/img185.jpg,tree
tree/img186.jpg,tree
tree/img187.jpg,tree
tree/img188.jpg,tree
tree/img189.jpg,tree
tree/img19.jpg,tree
tree/img190.jpg,tree
tree/img191.jpg,tree
tree/img192.jpg,tree
tree/img193.jpg,tree
tree/img194.jpg,tree
tree/img195.jpg,tree
tree/img196.jpg,tree
tree/img197.jpg,tree
tree/img198.png,tree
tree/img199.jpg,tree
tree/img2.jpg,tree
tree/img20.png,tree
tree/img200.jpg,tree
tree/img201.png,tree
tree/img202.jpg,tree
tree/img203.jpg,tree
tree/img204.jpg,tree
tree/img205.jpg,tree
tree/img206.jpg,tree
tree/img207.jpg,tree
tree/img208.jpg,tree
tree/img209.jpg,tree
tree/img21.jpg,tree
tree/img210.jpg,tree
tree/img211.jpg,tree
tree/img212.jpg,tree
tree/img213.jpg,tree
tree/img214.jpg,tree
tree/img215.jpg,tree
tree/img216.jpg,tree
tree/img217.jpg,tree
tree/img218.jpg,tree
tree/img219.jpg,tree
tree/img22.jpg,tree
tree/img220.jpg,tree
tree/img221.jpg,tree
tree/img222.jpg,tree
tree/img223.jpg,tree
tree/img224.jpg,tree
tree/img225.jpg,tree
tree/img226.jpg,tree
tree/img227.jpg,tree
tree/img228.jpg,tree
tree/img229.jpg,tree
tree/img23.jpg,tree
tree/img24.jpg,tree
tree/img25.jpg,tree
tree/img26.jpg,tree
tree/img27.jpg,tree
tree/img28.jpg,tree
tree/img29.jpg,tree
tree/img3.jpg,tree
tree/img30.jpg,tree
tree/img31.jpg,tree
tree/img32.jpg,tree
tree/img33.jpg,tree
tree/img34.jpg,tree
tree/img35.jpg,tree
tree/img36.jpg,tree
tree/img37.jpg,tree
tree/img38.jpg,tree
tree/img39.jpg,tree
tree/img4.jpg,tree
tree/img40.jpg,tree
tree/img41.jpg,tree
tree/img42.jpg,tree
tree/img43.jpg,tree
tree/img44.jpg,tree
tree/img45.jpg,tree
tree/img46.jpg,tree
tree/img47.jpg,tree
tree/img48.png,tree
tree/img49.jpg,tree
tree/img5.jpg,tree
tree/img50.jpg,tree
tree/img51.jpg,tree
tree/img52.png,tree
tree/img53.jpg,tree
tree/img54.jpg,tree
tree/img55.jpg,tree
tree/img56.jpg,tree
tree/img57.jpg,tree
tree/img58.jpg,tree
tree/img59.jpg,tree
tree/img6.jpg,tree
tree/img60.jpg,tree
tree/img61.jpg,tree
tree/img62.jpg,tree
tree/img63.jpg,tree
tree/img64.jpg,tree
tree/img65.jpg,tree
tree/img66.jpg,tree
tree/img67.jpg,tree
tree/img68.png,tree
tree/img69.jpg,tree
tree/img7.jpg,tree
tree/img70.jpg,tree
tree/img71.jpg,tree
tree/img72.jpg,tree
tree/img73.jpg,tree
tree/img74.jpg,tree
tree/img75.jpg,tree
tree/img76.jpg,tree
tree/img77.jpg,tree
tree/img78.jpg,tree
tree/img79.jpg,tree
tree/img8.jpg,tree
tree/img80.jpg,tree
tree/img81.jpg,tree
tree/img82.jpg,tree
tree/img83.jpg,tree
tree/img84.jpg,tree
tree/img85.jpg,tree
tree/img86.png,tree
tree/img87.jpg,tree
tree/img88.jpg,tree
tree/img89.jpg,tree
tree/img9.jpg,tree
tree/img90.png,tree
tree/img91.jpg,tree
tree/img92.jpg,tree
tree/img93.jpg,tree
tree/img94.jpg,tree
tree/img95.jpg,tree
tree/img96.jpg,tree
tree/img97.jpg,tree
tree/img98.jpg,tree
tree/img99.jpg,tree
warrior2/img1.jpg,warrior2
warrior2/img10.jpg,warrior2
warrior2/img100.jpg,warrior2
warrior2/img101.jpg,warrior2
warrior2/img102.jpg,warrior2
warrior2/img103.jpg,warrior2
warrior2/img104.jpg,warrior2
warrior2/img105.jpg,warrior2
warrior2/img106.jpg,warrior2
warrior2/img107.png,warrior2
warrior2/img108.jpg,warrior2
warrior2/img109.jpg,warrior2
warrior2/img11.jpg,warrior2
warrior2/img110.jpg,warrior2
warrior2/img111.jpg,warrior2
warrior2/img112.jpg,warrior2
warrior2/img113.jpg,warrior2
warrior2/img114.png,warrior2
warrior2/img115.jpg,warrior2
warrior2/img116.jpg,warrior2
warrior2/img117.jpg,warrior2
warrior2/img118.jpg,warrior2
warrior2/img119.jpg,warrior2
warrior2/img12.jpg,warrior2
warrior2/img120.jpg,warrior2
warrior2/img121.jpg,warrior2
warrior2/img122.jpg,warrior2
warrior2/img123.jpg,warrior2
warrior2/img124.jpg,warrior2
warrior2/img125.jpg,warrior2
warrior2/img126.jpg,warrior2
warrior2/img127.jpg,warrior2
warrior2/img128.jpg,warrior2
warrior2/img129.jpg,warrior2
warrior2/img13.jpg,warrior2
warrior2/img130.jpg,warrior2
warrior2/img131.jpg,warrior2
warrior2/img132.jpg,warrior2
warrior2/img133.jpg,warrior2
warrior2/img134.jpg,warrior2
warrior2/img135.jpg,warrior2
warrior2/img136.jpg,warrior2
warrior2/img137.jpg,warrior2
warrior2/img138.jpg,warrior2
warrior2/img139.jpg,warrior2
warrior2/img14.jpg,warrior2
warrior2/img140.jpg,warrior2
warrior2/img141.jpg,warrior2
warrior2/img142.jpg,warrior2
warrior2/img143.jpg,warrior2
warrior2/img144.jpg,warrior2
warrior2/img145.jpg,warrior2
warrior2/img146.jpg,warrior2
warrior2/img147.jpg,warrior2
warrior2/img148.jpg,warrior2
warrior2/img149.jpg,warrior2
warrior2/img15.jpg,warrior2
warrior2/img150.jpg,warrior2
warrior2/img151.jpg,warrior2
warrior2/img152.jpg,warrior2
warrior2/img153.jpg,warrior2
warrior2/img154.jpg,warrior2
warrior2/img155.jpg,warrior2
warrior2/img156.jpg,warrior2
warrior2/img157.jpg,warrior2
warrior2/img158.png,warrior2
warrior2/img159.jpg,warrior2
warrior2/img16.jpg,warrior2
warrior2/img160.jpg,warrior2
warrior2/img161.jpg,warrior2
warrior2/img162.jpg,warrior2
warrior2/img163.jpg,warrior2
warrior2/img164.jpg,warrior2
warrior2/img165.jpg,warrior2
warrior2/img166.jpg,warrior2
warrior2/img167.jpg,warrior2
warrior2/img168.jpeg,warrior2
warrior2/img169.jpg,warrior2
warrior2/img17.jpg,warrior2
warrior2/img170.jpg,warrior2
warrior2/img171.jpg,warrior2
warrior2/img172.jpg,warrior2
warrior2/img173.jpg,warrior2
warrior2/img174.jpg,warrior2
warrior2/img175.jpg,warrior2
warrior2/img176.jpg,warrior2
warrior2/img177.jpg,warrior2
warrior2/img178.jpeg,warrior2
warrior2/img179.jpg,warrior2
warrior2/img18.jpg,warrior2
warrior2/img180.JPG,warrior2
warrior2/img181.jpg,warrior2
warrior2/img182.jpg,warrior2
warrior2/img183.jpg,warrior2
warrior2/img184.jpg,warrior2
warrior2/img185.jpg,warrior2
warrior2/img186.jpg,warrior2
warrior2/img187.jpg,warrior2
warrior2/img188.jpg,warrior2
warrior2/img189.jpg,warrior2
warrior2/img19.jpg,warrior2
warrior2/img190.jpg,warrior2
warrior2/img191.jpg,warrior2
warrior2/img192.jpg,warrior2
warrior2/img193.jpg,warrior2
warrior2/img194.jpg,warrior2
warrior2/img195.jpg,warrior2
warrior2/img196.jpg,warrior2
warrior2/img197.jpg,warrior2
warrior2/img198.jpg,warrior2
warrior2/img199.jpg,warrior2
warrior2/img2.jpg,warrior2
warrior2/img20.jpg,warrior2
warrior2/img200.jpg,warrior2
warrior2/img201.jpg,warrior2
warrior2/img202.jpg,warrior2
warrior2/img203.jpg,warrior2
warrior2/img204.jpg,warrior2
warrior2/img205.jpg,warrior2
warrior2/img206.jpg,warrior2
warrior2/img207.jpg,warrior2
warrior2/img208.jpg,warrior2
warrior2/img209.jpg,warrior2
warrior2/img21.jpg,warrior2
warrior2/img210.jpg,warrior2
warrior2/img211.jpg,warrior2
warrior2/img212.jpg,warrior2
warrior2/img213.jpg,warrior2
warrior2/img214.jpg,warrior2
warrior2/img215.jpg,warrior2
warrior2/img216.png,warrior2
warrior2/img217.jpg,warrior2
warrior2/img218.jpg,warrior2
warrior2/img219.jpg,warrior2
warrior2/img22.jpg,warrior2
warrior2/img220.jpg,warrior2
warrior2/img221.jpg,warrior2
warrior2/img222.jpg,warrior2
warrior2/img223.jpg,warrior2
warrior2/img224.jpg,warrior2
warrior2/img225.jpg,warrior2
warrior2/img226.jpg,warrior2
warrior2/img227.jpg,warrior2
warrior2/img228.jpg,warrior2
warrior2/img229.jpg,warrior2
warrior2/img23.jpg,warrior2
warrior2/img230.jpg,warrior2
warrior2/img231.jpg,warrior2
warrior2/img232.jpg,warrior2
warrior2/img233.jpg,warrior2
warrior2/img234.jpg,warrior2
warrior2/img235.jpg,warrior2
warrior2/img236.jpg,warrior2
warrior2/img237.jpg,warrior2
warrior2/img238.jpg,warrior2
warrior2/img239.jpg,warrior2
warrior2/img24.jpg,warrior2
warrior2/img240.PNG,warrior2
warrior2/img241.jpg,warrior2
warrior2/img242.jpg,warrior2
warrior2/img243.jpg,warrior2
warrior2/img244.jpg,warrior2
warrior2/img245.png,warrior2
warrior2/img246.jpg,warrior2
warrior2/img247.jpg,warrior2
warrior2/img248.jpg,warrior2
warrior2/img249.jpg,warrior2
warrior2/img25.jpg,warrior2
warrior2/img250.jpg,warrior2
warrior2/img251.jpg,warrior2
warrior2/img252.jpg,warrior2
warrior2/img253.jpg,warrior2
warrior2/img254.jpg,warrior2
warrior2/img255.jpg,warrior2
warrior2/img256.jpg,warrior2
warrior2/img257.jpg,warrior2
warrior2/img258.jpg,warrior2
warrior2/img259.jpg,warrior2
warrior2/img26.png,warrior2
warrior2/img260.jpg,warrior2
warrior2/img261.jpg,warrior2
warrior2/img262.jpg,warrior2
warrior2/img263.jpg,warrior2
warrior2/img264.jpg,warrior2
warrior2/img265.jpg,warrior2
warrior2/img266.jpg,warrior2
warrior2/img267.jpg,warrior2
warrior2/img268.jpg,warrior2
warrior2/img269.jpg,warrior2
warrior2/img27.jpg,warrior2
warrior2/img270.jpg,warrior2
warrior2/img271.jpg,warrior2
warrior2/img272.jpg,warrior2
warrior2/img273.jpg,warrior2
warrior2/img274.jpg,warrior2
warrior2/img275.jpg,warrior2
warrior2/img276.jpg,warrior2
warrior2/img277.jpg,warrior2
warrior2/img278.jpg,warrior2
warrior2/img279.jpg,warrior2
warrior2/img28.jpg,warrior2
warrior2/img280.jpg,warrior2
warrior2/img281.png,warrior2
warrior2/img282.jpg,warrior2
warrior2/img283.jpg,warrior2
warrior2/img284.jpg,warrior2
warrior2/img285.jpg,warrior2
warrior2/img286.jpg,warrior2
warrior2/img287.jpg,warrior2
warrior2/img288.jpg,warrior2
warrior2/img289.jpg,warrior2
warrior2/img29.jpg,warrior2
warrior2/img290.jpg,warrior2
warrior2/img291.jpg,warrior2
warrior2/img292.jpg,warrior2
warrior2/img293.jpg,warrior2
warrior2/img294.jpg,warrior2
warrior2/img295.jpg,warrior2
warrior2/img296.jpg,warrior2
warrior2/img297.jpg,warrior2
warrior2/img298.jpg,warrior2
warrior2/img299.jpg,warrior2
warrior2/img3.jpg,warrior2
warrior2/img30.jpg,warrior2
warrior2/img300.jpg,warrior2
warrior2/img301.jpg,warrior2
warrior2/img302.jpg,warrior2
warrior2/img303.jpg,warrior2
warrior2/img304.jpg,warrior2
warrior2/img305.jpg,warrior2
warrior2/img306.jpg,warrior2
warrior2/img307.jpg,warrior2
warrior2/img308.jpg,warrior2
warrior2/img309.jpg,warrior2
warrior2/img31.jpg,warrior2
warrior2/img310.jpg,warrior2
warrior2/img311.jpg,warrior2
warrior2/img312.jpg,warrior2
warrior2/img313.jpg,warrior2
warrior2/img314.jpg,warrior2
warrior2/img315.jpg,warrior2
warrior2/img316.jpg,warrior2
warrior2/img317.jpg,warrior2
warrior2/img318.png,warrior2
warrior2/img319.jpg,warrior2
warrior2/img32.jpg,warrior2
warrior2/img320.jpg,warrior2
warrior2/img321.jpg,warrior2
warrior2/img322.jpg,warrior2
warrior2/img323.jpg,warrior2
warrior2/img324.jpg,warrior2
warrior2/img325.jpg,warrior2
warrior2/img326.jpg,warrior2
warrior2/img327.jpg,warrior2
warrior2/img328.jpg,warrior2
warrior2/img329.jpg,warrior2
warrior2/img33.jpg,warrior2
warrior2/img330.jpg,warrior2
warrior2/img331.jpg,warrior2
warrior2/img332.jpg,warrior2
warrior2/img333.jpg,warrior2
warrior2/img334.jpg,warrior2
warrior2/img335.jpg,warrior2
warrior2/img336.jpg,warrior2
warrior2/img337.jpg,warrior2
warrior2/img338.jpg,warrior2
warrior2/img339.jpg,warrior2
warrior2/img34.jpg,warrior2
warrior2/img340.jpg,warrior2
warrior2/img341.jpg,warrior2
warrior2/img342.jpg,warrior2
warrior2/img343.png,warrior2
warrior2/img344.jpg,warrior2
warrior2/img345.jpg,warrior2
warrior2/img346.jpg,warrior2
warrior2/img347.jpg,warrior2
warrior2/img348.jpg,warrior2
warrior2/img349.jpg,warrior2
warrior2/img35.jpg,warrior2
warrior2/img350.jpg,warrior2
warrior2/img351.jpg,warrior2
warrior2/img352.jpg,warrior2
warrior2/img353.jpg,warrior2
warrior2/img354.jpg,warrior2
warrior2/img355.jpg,warrior2
warrior2/img356.png,warrior2
warrior2/img357.jpg,warrior2
warrior2/img358.jpg,warrior2
warrior2/img359.jpg,warrior2
warrior2/img36.jpg,warrior2
warrior2/img360.jpg,warrior2
warrior2/img361.jpg,warrior2
warrior2/img37.jpg,warrior2
warrior2/img38.jpg,warrior2
warrior2/img39.png,warrior2
warrior2/img4.jpg,warrior2
warrior2/img40.jpg,warrior2
warrior2/img41.jpg,warrior2
warrior2/img42.jpg,warrior2
warrior2/img43.jpg,warrior2
warrior2/img44.jpg,warrior2
warrior2/img45.png,warrior2
warrior2/img46.jpg,warrior2
warrior2/img47.jpg,warrior2
warrior2/img48.jpg,warrior2
warrior2/img49.jpg,warrior2
warrior2/img5.jpg,warrior2
warrior2/img50.jpg,warrior2
warrior2/img51.jpg,warrior2
warrior2/img52.jpg,warrior2
warrior2/img53.jpg,warrior2
warrior2/img54.jpg,warrior2
warrior2/img55.jpg,warrior2
warrior2/img56.png,warrior2
warrior2/img57.jpg,warrior2
warrior2/img58.jpg,warrior2
warrior2/img59.jpg,warrior2
warrior2/img6.jpg,warrior2
warrior2/img60.jpg,warrior2
warrior2/img61.jpg,warrior2
warrior2/img62.jpg,warrior2
warrior2/img63.jpg,warrior2
warrior2/img64.jpg,warrior2
warrior2/img65.jpg,warrior2
warrior2/img66.jpg,warrior2
warrior2/img67.jpg,warrior2
warrior2/img68.jpg,warrior2
warrior2/img69.png,warrior2
warrior2/img7.png,warrior2
warrior2/img70.jpg,warrior2
warrior2/img71.jpg,warrior2
warrior2/img72.jpg,warrior2
warrior2/img73.jpg,warrior2
warrior2/img74.jpg,warrior2
warrior2/img75.jpg,warrior2
warrior2/img76.jpg,warrior2
warrior2/img77.jpg,warrior2
warrior2/img78.jpg,warrior2
warrior2/img79.png,warrior2
warrior2/img8.png,warrior2
warrior2/img80.jpg,warrior2
warrior2/img81.jpg,warrior2
warrior2/img82.jpg,warrior2
warrior2/img83.jpg,warrior2
warrior2/img84.jpg,warrior2
warrior2/img85.jpg,warrior2
warrior2/img86.jpg,warrior2
warrior2/img87.jpg,warrior2
warrior2/img88.jpg,warrior2
warrior2/img89.jpg,warrior2
warrior2/img9.jpg,warrior2
warrior2/img90.jpg,warrior2
warrior2/img91.jpg,warrior2
warrior2/img92.jpg,warrior2
warrior2/img93.jpg,warrior2
warrior2/img94.jpg,warrior2
warrior2/img95.jpg,warrior2
warrior2/img96.jpg,warrior2
warrior2/img97.jpg,warrior2
warrior2/img98.jpg,warrior2
warrior2/img99.png,warrior2
